timestamp,product_name,description,is_satisfied,feedback_text
2025-03-27 23:26:40,sac tabouret,"Titre : Transformez Votre Voyage avec le Sac Tabouret Innovant et Polyvalent

Description Principale :

Découvrez la fusion unique de la commodité et du style avec notre Sac Tabouret. Conçu pour la personne en mouvement, ce sac apporte une solution pratique à une vie active. Qu'il s'agisse d'un événement en plein air, d'un festival de musique ou d'une simple journée de shopping, notre Sac Tabouret est la pièce de mode incontournable qui vous accompagnera partout.

Faites l'expérience de la fusion entre la fonctionnalité et le style avec ce sac unique. Le Sac Tabouret combine le design moderne avec une utilité inégalée, faisant de ce sac un accessoire essentiel pour votre quotidien. Son concept ingénieux vous permet de passer de l'aspect pratique d'un sac à la facilité d'un tabouret en un instant, assurant votre confort où que vous soyez.

Caractéristiques Clés : 

- Design innovant : Un sac qui se transforme en tabouret, parfait pour ceux qui sont constamment en déplacement.
- Confort inégalé : Fournit un siège confortable pour se reposer lors de vos déplacements.
- Style moderne : Un accessoire de mode chic qui s'harmonise avec toutes vos tenues.
- Grande capacité : Assez d'espace pour tous vos essentiels quotidiens.
- Durable et de haute qualité : Fabriqué avec des matériaux robustes pour résister à l'usure quotidienne.

Appel à l'action final : 

Ne laissez pas passer l'opportunité de combiner le style et l'utilité avec notre Sac Tabouret. Achetez dès maintenant pour transformer votre expérience de voyage et ajouter une touche de commodité à votre vie quotidienne.",True,
2025-03-27 23:29:25,sac tabouret,"Titre : ""Sac Tabouret Élégant - L'accessoire de mode polyvalent et pratique dont vous ne pourrez plus vous passer!""

Description :
Découvrez notre sac tabouret, l'accessoire idéal pour allier style et fonctionnalité. Élégamment conçu, ce sac se distingue par son raffinement et son utilité. Il s'agit plus que d'un simple sac : il offre également une fonctionnalité de tabouret qui vous permet de vous asseoir où que vous soyez.

Notre sac tabouret est un incontournable pour ceux qui cherchent à rester tendance tout en profitant d'un confort optimal. Il est parfait pour les événements en plein air, les concerts, les festivals ou simplement pour une journée de shopping en ville. Oubliez les soucis de trouver un siège ou de porter des chaises encombrantes. Avec ce sac tabouret, vous avez toujours un siège à votre disposition!

Caractéristiques principales :
- Design élégant et tendance qui s'adapte à tous les styles
- Fonctionnalité tabouret intégrée pour un confort optimal
- Matériaux de haute qualité assurant durabilité et résistance
- Grande capacité de stockage pour tous vos essentiels
- Léger et portable, idéal pour le transport et l'utilisation en déplacement

Rendez-vous plus pratique et plus chic avec notre sac tabouret. Il est temps de vivre l'expérience du confort et de l'élégance, où que vous soyez. Ajoutez-le à votre panier dès maintenant!",True,
2025-03-27 23:38:14,sac avec des leds à l'intérieur,"Titre : ""Sac à dos lumineux et fun – l'accessoire high-tech pour enfants qui brille dans le noir""

Description : 
Salut les jeunes explorateurs ! Prêt à ajouter une touche de fun à votre quotidien ? Notre sac à dos avec des leds à l'intérieur est exactement ce dont vous avez besoin. Conçu spécialement pour les enfants qui aiment sortir du lot, ce sac à dos innovant est l'accessoire parfait pour illuminer votre journée, et votre nuit!

Non seulement ce sac à dos est ultra-fun, mais il est également très pratique. Grâce à son éclairage LED intégré, il vous permet de rester visible même dans l'obscurité, garantissant ainsi votre sécurité lors de vos aventures nocturnes. Allez à l'école, aux entraînements sportifs ou aux soirées pyjama avec style et originalité. Quelle que soit la destination, ce sac à dos lumineux vous accompagne partout, en mettant une touche de fun dans chacun de vos pas.

Caractéristiques clés : 
- Éclairage LED intégré pour un style unique et une visibilité optimale
- Design fun et attrayant qui plaira à tous les enfants
- Grande capacité pour transporter tous vos essentiels
- Matériaux durables pour une longue durée de vie
- Facile à utiliser : les lumières s'allument et s'éteignent d'un simple clic
- Sécuritaire : vous rend visible dans l'obscurité

Alors, êtes-vous prêt pour l'aventure ? Ajoutez le sac à dos avec des leds à votre panier dès maintenant et faites de chaque jour une nouvelle aventure lumineuse et fun.",True,très bon
